collaborative,districts
ACCEPT Education Collaborative,"Ashland, Dover, Dover-Sherborn Regional, Framingham, Franklin, Holliston, Hopkinton, Medfield, Medway, Millis, Natick, Needham, Sherborn, South Middlesex Regional Vocational District, Sudbury, Wellesley"
Assabet Valley Collaborative,"Assabet Valley Regional, Auburn, Berlin, Boylston, Berlin-Boylston Regional Technical High School, Grafton, Hudson, Marlborough, Maynard, Millbury, Nashoba Regional, Northborough, Southborough, Northborough-Southborough Regional, Shrewsbury, Westborough"
Bi-County Collaborative,"Attleboro, Bellingham, Blackstone-Millville Regional, Easton, Franklin, Foxboro, Hopedale, King Philip Regional, Mansfield, Milford, Norfolk, North Attleboro, Norton, Plainville, Swansea, Tri County Regional Vocational-Technical High School, Uxbridge, Walpole, Wrentham"
C.A.S.E. Concord Area SPED Collaborative,"Acton-Boxborough Regional, Bedford, Carlisle, Concord, Concord-Carlisle Regional, Harvard, Lincoln, Lincoln-Sudbury Regional, Littleton, Maynard, Sudbury"
CAPS Education Collaborative,"Ashburnham-Westminster Regional, Athol-Royalston Regional, Fitchburg, Gardner, Leominster, Narragansett Regional, Orange Elementary, Petersham Center School, Quabbin Regional, RC Mahar Regional, Winchendon"
Cape Cod Collaborative,"Barnstable, Bourne, Brewster, Cape Cod Regional Technical High School, Dennis-Yarmouth Regional, Eastham, Falmouth, Marthaâ€™s Vineyard Regional, Mashpee, Monomoy Regional, Nantucket, Nauset Regional, Orleans, Provincetown, Sandwich, Truro, Upper Cape Cod RTS, Wareham, Wellfleet"
Central Massachusetts SPED Collaborative,"Oxford, Webster, Worcester"
Collaborative for Educational Services,"Amherst, Amherst-Pelham Regional, Belchertown, Chesterfield-Goshen, Conway, Deerfield, Easthampton, Erving, Franklin County Technical, Frontier Regional HS, Gateway Regional, Gill-Montague Regional, Granby, Greenfield, Hadley, Hampshire Regional, Hatfield, Hawlemont Regional, Leverett, Mohawk Trail Regional, Northampton, Orange, Pelham, Pioneer Valley Regional, RC Mahar Regional, Rowe, Shutesbury, Smith Vocational and Agricultural, Southampton, South Hadley, Sunderland, Ware, Wendell-New Salem, Westhampton, Whately, Williamsburg, Worthington"
Collaborative for Regional Educational Services (CREST),"Andover, Amesbury, Dracut, Georgetown, Greater Lawrence Tech, Haverhill, Ipswich, Lawrence, Lowell, Masconomet Regional, Methuen, Newburyport, North Andover, Pentucket Regional (Groveland, Merrimac, W. Newbury), Triton Regional School District (Newbury, Rowley, Salisbury) Tri-Town School Union (Boxford, Middletown, Topsfield)"
Keystone Educational Collaborative,"Ashburnham-Westminister, Ayer Shirley Regional, Clinton, Fitchburg, Gardner, Leominster, Lunenberg, North Middlesex Regional, Quabbin Regional, West Boylston, Winchendon"
LABBB Collaborative,"Arlington, Bedford, Belmont, Burlington, Lexington"
Lower Pioneer Valley Educational Collaborative,"gawam, East Longmeadow, Hampden-Wilbraham Regional, Longmeadow, Ludlow, Southwick-Tolland-Granville Regional, West Springfield"
North River Collaborative,"Abington, Avon, Bridgewater-Raynham Regional, East Bridgewater, Hanover, Holbrook, Rockland, Stoughton, West Bridgewater, Whitman-Hanson Regional"
Northshore Education Consortium,"Beverly, Danvers, Gloucester, Hamilton-Wenham, Ipswich, Lynn, Lynnfield, Manchester-Essex, Marblehead, Masconomet, Nahant, North Reading, Peabody, Pentucket Regional, Reading, Rockport, Salem, Swampscott, Tri-town Union, Triton"
Pilgrim Area Collaborative (PAC),"Duxbury, Halifax, Kingston, Marshfield, Middleborough, Plymouth, Plympton, Silver Lake Regional, Stoughton, Whitman-Hanson"
READS Collaborative,"Abington, Acushnet, Berkley, Bridgewater-Raynham, Bristol-Plymouth Regional Technical, Carver, Dighton-Rehoboth Regional, East Bridgewater, Freetown-Lakeville Regional, Marion, Mattapoisett, Middleboro, Norton, Rochester, Somerset, Somerset-Berkley, Taunton, West Bridgewater"
SEEM Collaborative,"Lynnfield, Melrose, North Andover, North Reading, Reading, Saugus, Stoneham, Wakefield, Wilmington, Winchester, Woburn"
Shore Educational Collaborative,"Cambridge, Chelsea, Everett, Malden, Medford, Revere, Saugus, Somerville, Winthrop"
South Coast Educational Collaborative,"Berkley, Dartmouth, Dighton-Rehoboth, Freetown-Lakeville, New Bedford, Seekonk, Somerset, Somerset-Berkley, Swansea, Taunton, Westport"
South Shore Educational Collaborative,"Braintree, Cohasset, Hingham, Hull, Marshfield, Milton, Norwell, Quincy, Randolph, Scituate, Weymouth"
Southeastern Mass Educaational Collaborative (SMEC),"Acushnet, Dartmouth, Fairhaven, Fall River, Greater New Bedford Regional Vocational Technical High School, Marion, Mattapoisett, New Bedford, Rochester, Whitman-Hanson Regional."
Southern Worcester County Educational Collaborative,"Auburn, Dudley-Charlton, Grafton, Leicester, Millbury, Northbridge, North Brookfield, Oxford, Quaboag Regional (Warren, West Brookfield), Spencer-East Brookfield, Southbridge, Sutton, Tantasqua Regional (Brimfield, Brookfield, Holland, Sturbridge, Wales), Uxbridge, Webste"
The Education Cooperative,"Canton, Dedham, Dover, Dover-Sherborn, Framingham, Holliston, Hopkinton, Medfield, Medway, Millis, Natick, Needham, Norwood, Sherborn, Walpole, Wayland, Westwood"
Valley Collaborative,"Billerica, Chelmsford, Dracut, Groton-Dunstable, Nashoba Valley Regional Technical High School, North Middlesex Regional, Tewksbury, Tyngsborough, Westford"